id,title,category,tag,keywords,audio_url,description,published
prime_number_girl_jingle01_gold,豪華なジングル,UI・操作,解説動画向け,ジングル,assets/sounds/prime_number_girl_jingle01_gold.mp3,ゴージャスなジングル,TRUE
prime_number_girl_jingle01_silver,普通のジングル,UI・操作,解説動画向け,ジングル,assets/sounds/prime_number_girl_jingle01_silver.mp3,普通なジングル,TRUE
prime_number_girl_se01_correct,ピンポン,UI・操作,解説動画向け,"クイズ,正解,ピンポン",assets/sounds/prime_number_girl_se01_correct.mp3,正解,TRUE
prime_number_girl_se02_1_incorrect,短いブブッ,UI・操作,解説動画向け,"クイズ,不正解,ブブー",assets/sounds/prime_number_girl_se02_1_incorrect.mp3,不正解01,TRUE
prime_number_girl_se02_incorrect,長めのブブー,UI・操作,解説動画向け,"クイズ,不正解,ブブー",assets/sounds/prime_number_girl_se02_incorrect.mp3,不正解02,TRUE
prime_number_girl_se03_start,キラーン,UI・操作,"解説動画向け,シューティングゲーム向け,RPGゲーム向け","スタート,決定,選択",assets/sounds/prime_number_girl_se03_start.mp3,明るい決定音,TRUE
prime_number_girl_se04_1_girl_change,ポワ,UI・操作,"エフェクト,解説動画向け","移動,変更",assets/sounds/prime_number_girl_se04_1_girl_change.mp3,柔らかいボタン,TRUE
prime_number_girl_se04_girl_change,チャン,UI・操作,"エフェクト,解説動画向け","移動,変更",assets/sounds/prime_number_girl_se04_girl_change.mp3,鋭い決定音,TRUE
FILLIT_追加_SE_ストーン_pt01,シャッ（余韻）,UI・操作,"エフェクト,解説動画向け","移動,変更",assets/sounds/FILLIT_追加_SE_ストーン_pt01.mp3,変更操作,TRUE
FILLIT_追加_SE_ストーン_pt02,シュッ,UI・操作,"エフェクト,解説動画向け","移動,変更",assets/sounds/FILLIT_追加_SE_ストーン_pt02.mp3,変更操作,TRUE
FILLIT_追加_SE_ストーン_pt03,シャッ（余韻）,UI・操作,"エフェクト,解説動画向け","移動,変更",assets/sounds/FILLIT_追加_SE_ストーン_pt03.mp3,変更操作,TRUE
FILLIT_追加_SE_移動_pt01,クチュ,"UI・操作,生活・日常","RPGゲーム向け,生活・日常向け","移動,足音,泥",assets/sounds/FILLIT_追加_SE_移動_pt01.mp3,足音,TRUE
FILLIT_追加_SE_移動_pt02,ポム,"UI・操作,魔法・ファンタジー","RPGゲーム向け,生活・日常向け","移動,足音,かわいい",assets/sounds/FILLIT_追加_SE_移動_pt02.mp3,足音,TRUE
FILLIT_追加_SE_移動_pt03,プワ,"UI・操作,魔法・ファンタジー","RPGゲーム向け,生活・日常向け","移動,足音,かわいい",assets/sounds/FILLIT_追加_SE_移動_pt03.mp3,足音,TRUE
FILLIT_追加_アリス_se_ストーン_pt01,シュッ,"UI・操作,魔法・ファンタジー","RPGゲーム向け,エフェクト","移動,変更",assets/sounds/FILLIT_追加_アリス_se_ストーン_pt01.mp3,変更操作,TRUE
FILLIT_追加_アリス_se_ストーン_pt02,キラン,"UI・操作,魔法・ファンタジー","RPGゲーム向け,エフェクト","かわいい,キラン",assets/sounds/FILLIT_追加_アリス_se_ストーン_pt02.mp3,鋭い決定音,TRUE
FILLIT_追加_アリス_se_ストーン_pt03,シュウ,"UI・操作,魔法・ファンタジー","RPGゲーム向け,エフェクト","移動,変更",assets/sounds/FILLIT_追加_アリス_se_ストーン_pt03.mp3,変更操作,TRUE
FILLIT_追加_アリス_se_移動_pt01,タッ,生活・日常,"RPGゲーム向け,生活・日常向け","移動,足音",assets/sounds/FILLIT_追加_アリス_se_移動_pt01.mp3,足音,TRUE
FILLIT_追加_アリス_se_移動_pt02,スタッ,生活・日常,"RPGゲーム向け,生活・日常向け","移動,足音",assets/sounds/FILLIT_追加_アリス_se_移動_pt02.mp3,足音,TRUE
FILLIT_追加_アリス_se_移動_pt03,ポムッ,"UI・操作,魔法・ファンタジー","RPGゲーム向け,エフェクト","移動,足音,かわいい",assets/sounds/FILLIT_追加_アリス_se_移動_pt03.mp3,足音,TRUE
FILLIT_追加_あるたおるた_se_ストーン,プイッ,UI・操作,"シューティゲーム向け,エフェクト","移動,変更,かわいい",assets/sounds/FILLIT_追加_あるたおるた_se_ストーン.mp3,変更操作,TRUE
FILLIT_追加_あるたおるた_se_移動,ト,UI・操作,"エフェクト,解説動画向け","移動,変更",assets/sounds/FILLIT_追加_あるたおるた_se_移動.mp3,変更操作,TRUE
FILLIT_追加_おもちゃの国_se_ストーン_pt01,ジャララ,その他,"エフェクト,解説動画向け","移動,変更",assets/sounds/FILLIT_追加_おもちゃの国_se_ストーン_pt01.mp3,変更操作,TRUE
FILLIT_追加_おもちゃの国_se_ストーン_pt02,ベギュウ,その他,"エフェクト,解説動画向け","移動,変更",assets/sounds/FILLIT_追加_おもちゃの国_se_ストーン_pt02.mp3,変更操作,TRUE
FILLIT_追加_おもちゃの国_se_ストーン_pt03,ベギュラ,その他,"エフェクト,解説動画向け","移動,変更",assets/sounds/FILLIT_追加_おもちゃの国_se_ストーン_pt03.mp3,変更操作,TRUE
FILLIT_追加_おもちゃの国_se_移動_pt01,プイプイ,その他,"エフェクト,解説動画向け","移動,変更",assets/sounds/FILLIT_追加_おもちゃの国_se_移動_pt01.mp3,変更操作,TRUE
FILLIT_追加_おもちゃの国_se_移動_pt02,パイチョ,その他,"エフェクト,解説動画向け","移動,変更",assets/sounds/FILLIT_追加_おもちゃの国_se_移動_pt02.mp3,変更操作,TRUE
FILLIT_追加_おもちゃの国_se_移動_pt03,ピフォ,その他,"エフェクト,解説動画向け","移動,変更",assets/sounds/FILLIT_追加_おもちゃの国_se_移動_pt03.mp3,変更操作,TRUE
FILLIT_追加_お菓子の国_SE_ストーンpt01,キラリン,"UI・操作,魔法・ファンタジー","RPGゲーム向け,エフェクト","かわいい,キラン",assets/sounds/FILLIT_追加_お菓子の国_SE_ストーンpt01.mp3,鋭い決定音,TRUE
FILLIT_追加_お菓子の国_SE_ストーンpt02,キラリン,"UI・操作,魔法・ファンタジー","RPGゲーム向け,エフェクト","かわいい,キラン",assets/sounds/FILLIT_追加_お菓子の国_SE_ストーンpt02.mp3,鋭い決定音,TRUE
FILLIT_追加_お菓子の国_SE_ストーンpt03,スス,UI・操作,"エフェクト,解説動画向け","移動,変更",assets/sounds/FILLIT_追加_お菓子の国_SE_ストーンpt03.mp3,変更操作,TRUE
FILLIT_追加_お菓子の国_SE_移動pt01,プワ,UI・操作,"エフェクト,解説動画向け","移動,変更",assets/sounds/FILLIT_追加_お菓子の国_SE_移動pt01.mp3,変更操作,TRUE
FILLIT_追加_お菓子の国_SE_移動pt02,ミュワ,UI・操作,"エフェクト,解説動画向け","移動,変更",assets/sounds/FILLIT_追加_お菓子の国_SE_移動pt02.mp3,変更操作,TRUE
FILLIT_追加_お菓子の国_SE_移動pt03,スタッ,生活・日常,"RPGゲーム向け,生活・日常向け","移動,足音",assets/sounds/FILLIT_追加_お菓子の国_SE_移動pt03.mp3,足音,TRUE
FILLIT_追加_クリスマス_se_ストーン_pt01,ガザリ,生活・日常,"RPGゲーム向け,生活・日常向け","移動,変更,タンス,引き戸",assets/sounds/FILLIT_追加_クリスマス_se_ストーン_pt01.mp3,変更操作,TRUE
FILLIT_追加_クリスマス_se_ストーン_pt02,ガシャン,生活・日常,"RPGゲーム向け,生活・日常向け","移動,変更,タンス,引き戸",assets/sounds/FILLIT_追加_クリスマス_se_ストーン_pt02.mp3,変更操作,TRUE
FILLIT_追加_クリスマス_se_ストーン_pt03,カシャドン,生活・日常,"RPGゲーム向け,生活・日常向け","移動,変更,タンス,引き戸",assets/sounds/FILLIT_追加_クリスマス_se_ストーン_pt03.mp3,変更操作,TRUE
FILLIT_追加_クリスマス_se_移動_pt01,スタッ,生活・日常,"RPGゲーム向け,生活・日常向け","移動,足音",assets/sounds/FILLIT_追加_クリスマス_se_移動_pt01.mp3,足音,TRUE
FILLIT_追加_クリスマス_se_移動_pt02,ガタン,生活・日常,"RPGゲーム向け,生活・日常向け","移動,足音",assets/sounds/FILLIT_追加_クリスマス_se_移動_pt02.mp3,足音,TRUE
FILLIT_追加_クリスマス_se_移動_pt03,スタッ,生活・日常,"RPGゲーム向け,生活・日常向け","移動,足音",assets/sounds/FILLIT_追加_クリスマス_se_移動_pt03.mp3,足音,TRUE
FILLIT_追加_こどもの日_se_ストーンpt01,ピワッ,UI・操作,"エフェクト,解説動画向け","移動,変更",assets/sounds/FILLIT_追加_こどもの日_se_ストーンpt01.mp3,変更操作,TRUE
FILLIT_追加_こどもの日_se_ストーンpt02,スゥー,UI・操作,"エフェクト,解説動画向け","移動,変更",assets/sounds/FILLIT_追加_こどもの日_se_ストーンpt02.mp3,変更操作,TRUE
FILLIT_追加_こどもの日_se_ストーンpt03,シャッ,UI・操作,"エフェクト,解説動画向け","移動,変更",assets/sounds/FILLIT_追加_こどもの日_se_ストーンpt03.mp3,変更操作,TRUE
FILLIT_追加_こどもの日_se_移動pt01,ピュオ,UI・操作,"エフェクト,解説動画向け","移動,変更",assets/sounds/FILLIT_追加_こどもの日_se_移動pt01.mp3,変更操作,TRUE
FILLIT_追加_こどもの日_se_移動pt02,チョプ,UI・操作,"エフェクト,解説動画向け","移動,変更",assets/sounds/FILLIT_追加_こどもの日_se_移動pt02.mp3,変更操作,TRUE
FILLIT_追加_こどもの日_se_移動pt03,スタッ,生活・日常,"RPGゲーム向け,生活・日常向け","移動,足音",assets/sounds/FILLIT_追加_こどもの日_se_移動pt03.mp3,足音,TRUE
FILLIT_追加_ネコ_se_ストーン,カラン,生活・日常,生活・日常,"移動,変更",assets/sounds/FILLIT_追加_ネコ_se_ストーン.mp3,缶詰,TRUE
FILLIT_追加_ネコ_se_ストーン入れ替え,ニャオー（カラン）,"生活・日常,自然・環境",生活・日常,"鳴き声,ねこ,動物",assets/sounds/FILLIT_追加_ネコ_se_ストーン入れ替え.mp3,猫の鳴き声（ネコ缶）,TRUE
FILLIT_追加_ネコ_se_移動,スト,生活・日常,"RPGゲーム向け,生活・日常向け","移動,足音",assets/sounds/FILLIT_追加_ネコ_se_移動.mp3,足音,TRUE
FILLIT_追加_ハロウィン_se_ストーン_pt01,ゴゴゴ,"自然・環境,生活・日常,ホラー演出","RPGゲーム向け,ホラー・演出向け,生活・日常向け","岩,石",assets/sounds/FILLIT_追加_ハロウィン_se_ストーン_pt01.mp3,岩,TRUE
FILLIT_追加_ハロウィン_se_ストーン_pt02,ゴーッ,"自然・環境,生活・日常,ホラー演出","RPGゲーム向け,ホラー・演出向け,生活・日常向け","岩,石",assets/sounds/FILLIT_追加_ハロウィン_se_ストーン_pt02.mp3,岩,TRUE
FILLIT_追加_ハロウィン_se_ストーン_pt03,ゴーゴ,"自然・環境,生活・日常,ホラー演出","RPGゲーム向け,ホラー・演出向け,生活・日常向け","岩,石",assets/sounds/FILLIT_追加_ハロウィン_se_ストーン_pt03.mp3,岩,TRUE
FILLIT_追加_ハロウィン_se_移動_pt01,シュ,UI・操作,"エフェクト,解説動画向け","移動,変更",assets/sounds/FILLIT_追加_ハロウィン_se_移動_pt01.mp3,変更操作,TRUE
FILLIT_追加_ハロウィン_se_移動_pt02,シュゴ,UI・操作,"エフェクト,解説動画向け","移動,変更",assets/sounds/FILLIT_追加_ハロウィン_se_移動_pt02.mp3,変更操作,TRUE
FILLIT_追加_ハロウィン_se_移動_pt03,バサッ,"自然・環境,生活・日常,ホラー演出","RPGゲーム向け,ホラー・演出向け,生活・日常向け","布,羽,鳥",assets/sounds/FILLIT_追加_ハロウィン_se_移動_pt03.mp3,羽音,TRUE
FILLIT_追加_ひなまつり_SE_ストーン,バッドコ,生活・日常,"RPGゲーム向け,生活・日常向け","移動,変更,タンス,引き戸",assets/sounds/FILLIT_追加_ひなまつり_SE_ストーン.mp3,変更操作,TRUE
FILLIT_追加_ひなまつり_SE_ストーン_pt02,シュウ,UI・操作,"エフェクト,解説動画向け","移動,変更",assets/sounds/FILLIT_追加_ひなまつり_SE_ストーン_pt02.mp3,,TRUE
FILLIT_追加_ひなまつり_SE_ストーン_pt03,ギー,"自然・環境,生活・日常,ホラー演出","RPGゲーム向け,ホラー・演出向け,生活・日常向け","ドア,扉",assets/sounds/FILLIT_追加_ひなまつり_SE_ストーン_pt03.mp3,ドア開閉,TRUE
FILLIT_追加_ひなまつり_SE_移動,ド,"自然・環境,生活・日常,ホラー演出","RPGゲーム向け,ホラー・演出向け,生活・日常向け",足音,assets/sounds/FILLIT_追加_ひなまつり_SE_移動.mp3,足音,TRUE
FILLIT_追加_ひなまつり_SE_移動_pt02,カコ,"自然・環境,生活・日常,ホラー演出","RPGゲーム向け,ホラー・演出向け,生活・日常向け",足音,assets/sounds/FILLIT_追加_ひなまつり_SE_移動_pt02.mp3,足音,TRUE
FILLIT_追加_ひなまつり_SE_移動_pt03,スト,"自然・環境,生活・日常,ホラー演出","RPGゲーム向け,ホラー・演出向け,生活・日常向け",足音,assets/sounds/FILLIT_追加_ひなまつり_SE_移動_pt03.mp3,足音,TRUE
FILLIT_追加_ペンギン_se_ストーン,ゴリ,"自然・環境,生活・日常,ホラー演出","RPGゲーム向け,ホラー・演出向け,生活・日常向け","岩,石",assets/sounds/FILLIT_追加_ペンギン_se_ストーン.mp3,岩,TRUE
FILLIT_追加_ペンギン_se_ストーン_pt02,ムワ,UI・操作,"エフェクト,解説動画向け","移動,変更",assets/sounds/FILLIT_追加_ペンギン_se_ストーン_pt02.mp3,変更操作,TRUE
FILLIT_追加_ペンギン_se_ストーン_pt03,ギョム,"自然・環境,生活・日常,ホラー演出","RPGゲーム向け,ホラー・演出向け,生活・日常向け","岩,石",assets/sounds/FILLIT_追加_ペンギン_se_ストーン_pt03.mp3,岩,TRUE
FILLIT_追加_ペンギン_se_移動,シャー,"自然・環境,生活・日常","RPGゲーム向け,生活・日常向け","滑る,移動",assets/sounds/FILLIT_追加_ペンギン_se_移動.mp3,変更操作,TRUE
FILLIT_追加_ペンギン_se_移動_pt02,プワ,UI・操作,"エフェクト,解説動画向け","移動,変更",assets/sounds/FILLIT_追加_ペンギン_se_移動_pt02.mp3,変更操作,TRUE
FILLIT_追加_ペンギン_se_移動_pt03,プワシャー,UI・操作,"エフェクト,解説動画向け","移動,変更",assets/sounds/FILLIT_追加_ペンギン_se_移動_pt03.mp3,変更操作,TRUE
FILLIT_追加_リゾート_se_ストーンpt01,ストン,"自然・環境,生活・日常,ホラー演出","RPGゲーム向け,ホラー・演出向け,生活・日常向け","岩,石",assets/sounds/FILLIT_追加_リゾート_se_ストーンpt01.mp3,岩,TRUE
FILLIT_追加_リゾート_se_ストーンpt02,シュッ,UI・操作,"エフェクト,解説動画向け","移動,変更",assets/sounds/FILLIT_追加_リゾート_se_ストーンpt02.mp3,変更操作,TRUE
FILLIT_追加_リゾート_se_ストーンpt03,ブワッ,"自然・環境,生活・日常,ホラー演出","RPGゲーム向け,ホラー・演出向け,生活・日常向け","布,羽,鳥",assets/sounds/FILLIT_追加_リゾート_se_ストーンpt03.mp3,羽音,TRUE
FILLIT_追加_リゾート_se_移動pt01,コ,"自然・環境,生活・日常,ホラー演出","RPGゲーム向け,ホラー・演出向け,生活・日常向け",足音,assets/sounds/FILLIT_追加_リゾート_se_移動pt01.mp3,足音,TRUE
FILLIT_追加_リゾート_se_移動pt02,スタッ,"自然・環境,生活・日常,ホラー演出","RPGゲーム向け,ホラー・演出向け,生活・日常向け",足音,assets/sounds/FILLIT_追加_リゾート_se_移動pt02.mp3,足音,TRUE
FILLIT_追加_リゾート_se_移動pt03,トス,UI・操作,"エフェクト,解説動画向け","移動,変更",assets/sounds/FILLIT_追加_リゾート_se_移動pt03.mp3,変更操作,TRUE
FILLIT_追加_侍_se_ストーン,チャキン,戦闘・アクション,"RPGゲーム向け,エフェクト","刀,ソード,日本刀",assets/sounds/FILLIT_追加_侍_se_ストーン.mp3,ソード,TRUE
FILLIT_追加_侍_se_移動,ガサッ,"自然・環境,生活・日常","RPGゲーム向け,生活・日常向け","足音,わらじ",assets/sounds/FILLIT_追加_侍_se_移動.mp3,足音,TRUE
FILLIT_追加_正月_se_ストーン_pt01,ドサッ,"自然・環境,生活・日常","RPGゲーム向け,生活・日常向け","岩,石",assets/sounds/FILLIT_追加_正月_se_ストーン_pt01.mp3,岩,TRUE
FILLIT_追加_正月_se_ストーン_pt02,タラリ～ン,その他,"解説動画向け,エフェクト","琴,正月,日本,和風",assets/sounds/FILLIT_追加_正月_se_ストーン_pt02.mp3,琴,TRUE
FILLIT_追加_正月_se_ストーン_pt03,タラリ～ン,その他,"解説動画向け,エフェクト","琴,正月,日本,和風",assets/sounds/FILLIT_追加_正月_se_ストーン_pt03.mp3,琴,TRUE
FILLIT_追加_正月_se_移動_pt01,フォカッ,生活・日常,"解説動画向け,エフェクト","コマ,コマ回し",assets/sounds/FILLIT_追加_正月_se_移動_pt01.mp3,変更操作,TRUE
FILLIT_追加_正月_se_移動_pt02,ポポン,その他,"解説動画向け,エフェクト","鼓,正月,日本,和風",assets/sounds/FILLIT_追加_正月_se_移動_pt02.mp3,鼓,TRUE
FILLIT_追加_正月_se_移動_pt03,カポ,UI・操作,"エフェクト,解説動画向け","移動,変更",assets/sounds/FILLIT_追加_正月_se_移動_pt03.mp3,変更操作,TRUE
FILLIT_追加_梅雨_se_ストーンpt01,シュッ,UI・操作,"エフェクト,解説動画向け","移動,変更",assets/sounds/FILLIT_追加_梅雨_se_ストーンpt01.mp3,変更操作,TRUE
FILLIT_追加_梅雨_se_ストーンpt02,ピュワ,UI・操作,"エフェクト,解説動画向け","笛,戻る",assets/sounds/FILLIT_追加_梅雨_se_ストーンpt02.mp3,変更操作,TRUE
FILLIT_追加_梅雨_se_ストーンpt03,ススッ,UI・操作,"エフェクト,解説動画向け","移動,変更",assets/sounds/FILLIT_追加_梅雨_se_ストーンpt03.mp3,変更操作,TRUE
FILLIT_追加_梅雨_se_移動pt01,ビュワ,生活・日常,"エフェクト,解説動画向け,生活・日常向け","傘,傘開く",assets/sounds/FILLIT_追加_梅雨_se_移動pt01.mp3,傘,TRUE
FILLIT_追加_梅雨_se_移動pt02,ピョル,UI・操作,"エフェクト,解説動画向け","移動,変更",assets/sounds/FILLIT_追加_梅雨_se_移動pt02.mp3,変更操作,TRUE
FILLIT_追加_梅雨_se_移動pt03,ぴょんぴょん,自然・環境,"RPGゲーム向け,生活・日常向け","カエル,ウサギ,ジャンプ",assets/sounds/FILLIT_追加_梅雨_se_移動pt03.mp3,ジャンプ,TRUE
FILLIT_se_ok_01,ホロリン,UI・操作,"エフェクト,解説動画向け","柔らかい,決定音",assets/sounds/FILLIT_se_ok_01.mp3,やわらかい決定音,TRUE
FILLIT_se_ok_02,ピロ～ン,UI・操作,"エフェクト,解説動画向け","柔らかい,決定音",assets/sounds/FILLIT_se_ok_02.mp3,やわらかい決定音,TRUE
FILLIT_se_ok_03,ホロリン,UI・操作,"エフェクト,解説動画向け","柔らかい,決定音",assets/sounds/FILLIT_se_ok_03.mp3,やわらかい決定音,TRUE
FILLIT_se_ok_04,ジュワ～ン,UI・操作,"エフェクト,解説動画向け","柔らかい,決定音",assets/sounds/FILLIT_se_ok_04.mp3,やわらかい決定音,TRUE
FILLIT_se_ok_05,ジャララ～ン,UI・操作,"エフェクト,解説動画向け","柔らかい,決定音",assets/sounds/FILLIT_se_ok_05.mp3,やわらかい決定音,TRUE
FILLIT_se_pown_move,チッ,UI・操作,"エフェクト,解説動画向け","移動,変更",assets/sounds/FILLIT_se_pown_move.mp3,変更操作,TRUE
FILLIT_se_pown_move01,トン,UI・操作,"エフェクト,解説動画向け","移動,変更",assets/sounds/FILLIT_se_pown_move01.mp3,変更操作,TRUE
FILLIT_se_stone_move_01,シュッ,UI・操作,"エフェクト,解説動画向け","移動,変更",assets/sounds/FILLIT_se_stone_move_01.mp3,変更操作,TRUE
FILLIT_se_stone_move_02,ザッ,UI・操作,"エフェクト,解説動画向け","移動,変更",assets/sounds/FILLIT_se_stone_move_02.mp3,変更操作,TRUE
FILLIT_se_tap_select,カチッ,UI・操作,"エフェクト,解説動画向け","移動,変更",assets/sounds/FILLIT_se_tap_select.mp3,変更操作,TRUE
FILLIT_se_time_alart01,ピッ,UI・操作,"エフェクト,解説動画向け","移動,変更,電子アラーム",assets/sounds/FILLIT_se_time_alart01.mp3,変更操作,TRUE
FILLIT_se_time_alart02,ピッ,UI・操作,"エフェクト,解説動画向け","移動,変更,電子アラーム",assets/sounds/FILLIT_se_time_alart02.mp3,変更操作,TRUE
FILLIT_se_time_end01,ポポポ,UI・操作,"エフェクト,解説動画向け","移動,変更,電子アラーム",assets/sounds/FILLIT_se_time_end01.mp3,変更操作,TRUE
FILLIT_se_time_end02,ピピピ,UI・操作,"エフェクト,解説動画向け","移動,変更,電子アラーム",assets/sounds/FILLIT_se_time_end02.mp3,変更操作,TRUE
FILLIT_se_time_end03,ビャ～ウ～ン,UI・操作,"エフェクト,解説動画向け","ゲームオーバー,移動,変更,電子アラーム",assets/sounds/FILLIT_se_time_end03.mp3,ゲームオーバー,TRUE
se1_readyhakkutsuoh_,レディー,人・ボイス,"エフェクト,解説動画向け","ボイス,人,レディー",assets/sounds/se1_readyhakkutsuoh_.mp3,ボイス,TRUE
se2_gohakkutsuoh_,ゴー,人・ボイス,"エフェクト,解説動画向け","ボイス,人,ゴー",assets/sounds/se2_gohakkutsuoh_.mp3,ボイス,TRUE
se3_finishhakkutsuoh_,フィニッシュ,人・ボイス,"エフェクト,解説動画向け","ボイス,人,フィニッシュ",assets/sounds/se3_finishhakkutsuoh_.mp3,ボイス,TRUE
se4_drill2hakkutsuoh_,ザクッ,戦闘・アクション,"シューティングゲーム向け,RPGゲーム向け","破壊,掘る,ザクッ",assets/sounds/se4_drill2hakkutsuoh_.mp3,破壊,TRUE
se4_drillhakkutsuoh_,ザクッ,戦闘・アクション,"シューティングゲーム向け,RPGゲーム向け","破壊,掘る,ザクッ",assets/sounds/se4_drillhakkutsuoh_.mp3,破壊,TRUE
se5_itemhakkutsuoh_,コリーン,UI・操作,"解説動画向け,シューティングゲーム向け,RPGゲーム向け","柔らかい,決定音",assets/sounds/se5_itemhakkutsuoh_.mp3,やわらかい決定音,TRUE
se6_shoppinghakkutsuoh_,ファーン,UI・操作,"解説動画向け,シューティングゲーム向け,RPGゲーム向け","柔らかい,決定音",assets/sounds/se6_shoppinghakkutsuoh_.mp3,やわらかい決定音,TRUE
se8_radarhakkutsuoh_,ピン,UI・操作,"解説動画向け,シューティングゲーム向け,RPGゲーム向け","選択,ピン",assets/sounds/se8_radarhakkutsuoh_.mp3,選択音,TRUE
se9_giveuphakkutsuoh_,ベベレベン,UI・操作,"解説動画向け,シューティングゲーム向け,RPGゲーム向け","ゲームオーバー,あきらめる,断念",assets/sounds/se9_giveuphakkutsuoh_.mp3,ゲームオーバー,TRUE
SE_01_tresure,ギョビ,UI・操作,"エフェクト,解説動画向け","移動,変更",assets/sounds/SE_01_tresure.mp3,UI・操作,TRUE
SE_02_tresure,ジャララ～ン,UI・操作,"解説動画向け,シューティングゲーム向け,RPGゲーム向け","柔らかい,決定音",assets/sounds/SE_02_tresure.mp3,やわらかい決定音,TRUE
SE_03_tresure,シュ,UI・操作,"エフェクト,解説動画向け","移動,変更",assets/sounds/SE_03_tresure.mp3,変更操作,TRUE
SE_04_tresure,プバ～ン,UI・操作,"エフェクト,解説動画向け","移動,変更",assets/sounds/SE_04_tresure.mp3,やわらかい決定音,TRUE
SE_05_tresure,タラリラリラ,UI・操作,"解説動画向け,生活・日常向け,生活・日常,乗り物・機械","ルーレット,遊技機",assets/sounds/SE_05_tresure.mp3,ルーレット,TRUE
SE_06_tresure,ベオ,UI・操作,"解説動画向け,生活・日常向け,生活・日常,乗り物・機械","はずれ,遊技機,失敗,ミス",assets/sounds/SE_06_tresure.mp3,ミス,TRUE
SE_07_tresure,チャラリ～ン,UI・操作,"エフェクト,解説動画向け","柔らかい,決定音",assets/sounds/SE_07_tresure.mp3,決定音,TRUE
SE_08_tresure,短いジングル,UI・操作,解説動画向け,ジングル,assets/sounds/SE_08_tresure.mp3,普通なジングル,TRUE
SE_09_tresure,ガン,戦闘・アクション,"解説動画向け,シューティングゲーム向け,RPGゲーム向け","破壊,掘る,ガン",assets/sounds/SE_09_tresure.mp3,破壊,TRUE
SE_10_tresure,ポカン,戦闘・アクション,"解説動画向け,シューティングゲーム向け,RPGゲーム向け","跳ね返す,金属音",assets/sounds/SE_10_tresure.mp3,破壊,TRUE
SE_11_tresure,カシャン,戦闘・アクション,"解説動画向け,シューティングゲーム向け,RPGゲーム向け","削れる,金属音",assets/sounds/SE_11_tresure.mp3,破壊,TRUE
SE_12_tresure,カシャン,戦闘・アクション,"解説動画向け,シューティングゲーム向け,RPGゲーム向け","削れる,金属音",assets/sounds/SE_12_tresure.mp3,破壊,TRUE
SE_13_tresure,シャララ～ン,魔法・ファンタジー,"解説動画向け,RPGゲーム向け","魔法,癒し,ヒーリング",assets/sounds/SE_13_tresure.mp3,エフェクト,TRUE
yui_16_dugeon_se_dark_hard,不気味なループ,"魔法・ファンタジー,ホラー・演出","ホラー・演出向け,RPGゲーム向け","魔法,不気味,ループ",assets/sounds/yui_16_dugeon_se_dark_hard.mp3,エフェクト,TRUE
yui_16_dugeon_se_dark_soft,不気味なループ,"魔法・ファンタジー,ホラー・演出","ホラー・演出向け,RPGゲーム向け","魔法,不気味,ループ",assets/sounds/yui_16_dugeon_se_dark_soft.mp3,エフェクト,TRUE
yui_16_dugeon_se_light_hard,不気味なループ,"魔法・ファンタジー,ホラー・演出","ホラー・演出向け,RPGゲーム向け","魔法,不気味,ループ",assets/sounds/yui_16_dugeon_se_light_hard.mp3,エフェクト,TRUE
yui_16_dugeon_se_light_soft,不気味なループ,"魔法・ファンタジー,ホラー・演出","ホラー・演出向け,RPGゲーム向け","魔法,不気味,ループ",assets/sounds/yui_16_dugeon_se_light_soft.mp3,エフェクト,TRUE
yui_16_dungeon_se_aqua_hard,急流,自然・環境,"RPGゲーム向け,自然音","急流,水,水流,ループ",assets/sounds/yui_16_dungeon_se_aqua_hard.mp3,自然音,TRUE
yui_16_dungeon_se_aqua_soft,小川,自然・環境,"RPGゲーム向け,自然音","小川,水,水流,ループ",assets/sounds/yui_16_dungeon_se_aqua_soft.mp3,自然音,TRUE
yui_16_dungeon_se_fire_hard,炎,自然・環境,"RPGゲーム向け,自然音","炎,火,ループ",assets/sounds/yui_16_dungeon_se_fire_hard.mp3,自然音,TRUE
yui_16_dungeon_se_fire_soft,焚き火,自然・環境,"RPGゲーム向け,自然音","焚き火,ループ",assets/sounds/yui_16_dungeon_se_fire_soft.mp3,自然音,TRUE
yui_16_dungeon_se_soil_hard,地震,自然・環境,"RPGゲーム向け,自然音","地震,地鳴り,ループ",assets/sounds/yui_16_dungeon_se_soil_hard.mp3,自然音,TRUE
yui_16_dungeon_se_soil_soft,地鳴り,自然・環境,"RPGゲーム向け,自然音","地震,地鳴り,ループ",assets/sounds/yui_16_dungeon_se_soil_soft.mp3,自然音,TRUE
yui_16_dungeon_se_wind_hard,台風,自然・環境,"RPGゲーム向け,自然音","台風,風,ループ",assets/sounds/yui_16_dungeon_se_wind_hard.mp3,自然音,TRUE
yui_16_dungeon_se_wind_soft,風,自然・環境,"RPGゲーム向け,自然音","台風,風,ループ",assets/sounds/yui_16_dungeon_se_wind_soft.mp3,自然音,TRUE
yui_bs_aqua_ball_attack,プシュルル,戦闘・アクション,RPGゲーム向け,"鞭,攻撃",assets/sounds/yui_bs_aqua_ball_attack.mp3,攻撃,TRUE
yui_bs_aqua_ball_move,シュゴゴゴ,戦闘・アクション,RPGゲーム向け,"鉄の玉,攻撃",assets/sounds/yui_bs_aqua_ball_move.mp3,攻撃,TRUE
yui_bs_aqua_geyser,津波,自然・環境,"RPGゲーム向け,自然音","津波,水,ループ",assets/sounds/yui_bs_aqua_geyser.mp3,自然音,TRUE
yui_bs_aqua_geyser_appearance,バカーン,戦闘・アクション,"RPGゲーム向け,爆発","水柱,爆発,破裂",assets/sounds/yui_bs_aqua_geyser_appearance.mp3,爆発,TRUE
yui_bs_aqua_geyser_splash,シャーン,戦闘・アクション,"RPGゲーム向け,爆発","水柱,爆発,破裂",assets/sounds/yui_bs_aqua_geyser_splash.mp3,攻撃,TRUE
yui_bs_aqua_rolling_jet,シャバーン,自然・環境,"RPGゲーム向け,自然音","攻撃,水,サバーン",assets/sounds/yui_bs_aqua_rolling_jet.mp3,攻撃,TRUE
yui_bs_aqua_wave,ザザーン,自然・環境,"RPGゲーム向け,自然音","攻撃,水,サバーン",assets/sounds/yui_bs_aqua_wave.mp3,自然音,TRUE
yui_bs_aqua_whip,バシン,戦闘・アクション,RPGゲーム向け,"鞭,攻撃",assets/sounds/yui_bs_aqua_whip.mp3,攻撃,TRUE
yui_bs_dark_allow_flying,魔法発動,魔法・ファンタジー,"RPGゲーム向け,その他","魔法,発動,攻撃",assets/sounds/yui_bs_dark_allow_flying.mp3,魔法,TRUE
yui_bs_dark_allow_hit,爆発,戦闘・アクション,"RPGゲーム向け,シューティングゲーム向け,爆発,小爆発","爆発,小爆発",assets/sounds/yui_bs_dark_allow_hit.mp3,爆発,TRUE
yui_bs_dark_big_snake_disappear,魔法発動,"魔法・ファンタジー,ホラー・演出","RPGゲーム向け,ホラー・演出向け,その他","魔法,発動,攻撃",assets/sounds/yui_bs_dark_big_snake_disappear.mp3,魔法,TRUE
yui_bs_dark_big_snake_move,ギュッギュッ,その他,"RPGゲーム向け,エフェクト","移動,蛇",assets/sounds/yui_bs_dark_big_snake_move.mp3,自然音+魔法,TRUE
yui_bs_dark_dark_ball,ボーッ,魔法・ファンタジー,"RPGゲーム向け,その他","魔法,発動,攻撃",assets/sounds/yui_bs_dark_dark_ball.mp3,魔法,TRUE
yui_bs_dark_hear_punch,シュバーッ,戦闘・アクション,"RPGゲーム向け,シューティングゲーム向け,攻撃",攻撃.パンチ.風切り音,assets/sounds/yui_bs_dark_hear_punch.mp3,攻撃,TRUE
yui_bs_dark_snake_hand,ギャーオ,"魔法・ファンタジー,ホラー・演出","RPGゲーム向け,ホラー・演出向け,その他","魔法,発動,攻撃",assets/sounds/yui_bs_dark_snake_hand.mp3,攻撃,TRUE
yui_bs_dark_target,ポーン,UI・操作,"エフェクト,解説動画向け","移動,変更",assets/sounds/yui_bs_dark_target.mp3,変更操作,TRUE
yui_bs_dark_wave,魔法発動,"魔法・ファンタジー,ホラー・演出","RPGゲーム向け,ホラー・演出向け,その他","魔法,発動,攻撃",assets/sounds/yui_bs_dark_wave.mp3,魔法,TRUE
yui_bs_fire_hit_homing,爆発,戦闘・アクション,"RPGゲーム向け,シューティングゲーム向け,爆発,小爆発","爆発,小爆発",assets/sounds/yui_bs_fire_hit_homing.mp3,爆発,TRUE
yui_bs_fire_nomal,爆発,戦闘・アクション,"RPGゲーム向け,シューティングゲーム向け,爆発,小爆発","爆発,小爆発",assets/sounds/yui_bs_fire_nomal.mp3,爆発,TRUE
yui_bs_fire_punch,殴り,戦闘・アクション,"RPGゲーム向け,シューティングゲーム向け","殴り,攻撃",assets/sounds/yui_bs_fire_punch.mp3,攻撃,TRUE
yui_bs_fire_rocket_punch_down,爆発,戦闘・アクション,"RPGゲーム向け,シューティングゲーム向け,爆発,小爆発","爆発,小爆発",assets/sounds/yui_bs_fire_rocket_punch_down.mp3,爆発,TRUE
yui_bs_fire_rocket_punch_hit,大爆発,戦闘・アクション,"RPGゲーム向け,シューティングゲーム向け,爆発,大爆発","爆発,大爆発",assets/sounds/yui_bs_fire_rocket_punch_hit.mp3,爆発,TRUE
yui_bs_fire_shot_homing,爆発,戦闘・アクション,"RPGゲーム向け,シューティングゲーム向け,爆発,小爆発","爆発,小爆発",assets/sounds/yui_bs_fire_shot_homing.mp3,爆発,TRUE
yui_bs_general_gage_up_pt01_1_5sec,ゲージアップ1.5秒,"UI・操作,その他","戦闘・アクション,シューティングゲーム向け","操作,変更,エフェクト,ゲージアップ",assets/sounds/yui_bs_general_gage_up_pt01_1_5sec.mp3,変更操作,TRUE
yui_bs_general_gage_up_pt01_1sec,ゲージアップ1秒,"UI・操作,その他","戦闘・アクション,シューティングゲーム向け","操作,変更,エフェクト,ゲージアップ",assets/sounds/yui_bs_general_gage_up_pt01_1sec.mp3,変更操作,TRUE
yui_bs_general_gage_up_pt01_2sec,ゲージアップ2秒,"UI・操作,その他","戦闘・アクション,シューティングゲーム向け","操作,変更,エフェクト,ゲージアップ",assets/sounds/yui_bs_general_gage_up_pt01_2sec.mp3,変更操作,TRUE
yui_bs_general_gage_up_pt02_1_5sec,ゲージアップ1.5秒,"UI・操作,その他","戦闘・アクション,シューティングゲーム向け","操作,変更,エフェクト,ゲージアップ",assets/sounds/yui_bs_general_gage_up_pt02_1_5sec.mp3,変更操作,TRUE
yui_bs_general_gage_up_pt02_1sec,ゲージアップ1秒,"UI・操作,その他","戦闘・アクション,シューティングゲーム向け","操作,変更,エフェクト,ゲージアップ",assets/sounds/yui_bs_general_gage_up_pt02_1sec.mp3,変更操作,TRUE
yui_bs_general_gage_up_pt02_2sec,ゲージアップ2秒,"UI・操作,その他","戦闘・アクション,シューティングゲーム向け","操作,変更,エフェクト,ゲージアップ",assets/sounds/yui_bs_general_gage_up_pt02_2sec.mp3,変更操作,TRUE
yui_bs_last_basic,殴り,戦闘・アクション,"RPGゲーム向け,シューティングゲーム向け","殴り,攻撃",assets/sounds/yui_bs_last_basic.mp3,攻撃,TRUE
yui_bs_last_damage_zone,魔法発動,"魔法・ファンタジー,ホラー・演出","RPGゲーム向け,ホラー・演出向け,その他","魔法,発動,攻撃",assets/sounds/yui_bs_last_damage_zone.mp3,魔法,TRUE
yui_bs_last_flapping,バサッ,"自然・環境,生活・日常,ホラー演出","RPGゲーム向け,ホラー・演出向け,生活・日常","布,羽,鳥",assets/sounds/yui_bs_last_flapping.mp3,羽音,TRUE
yui_bs_last_gusty,槍＋電気,戦闘・アクション,"RPGゲーム向け,シューティングゲーム向け","槍,電気,攻撃",assets/sounds/yui_bs_last_gusty.mp3,攻撃,TRUE
yui_bs_last_lightning01,爆発,戦闘・アクション,"RPGゲーム向け,シューティングゲーム向け,爆発,小爆発","爆発,小爆発",assets/sounds/yui_bs_last_lightning01.mp3,爆発,TRUE
yui_bs_last_lightning02,爆発,戦闘・アクション,"RPGゲーム向け,シューティングゲーム向け,爆発,小爆発","爆発,小爆発",assets/sounds/yui_bs_last_lightning02.mp3,爆発,TRUE
yui_bs_last_lightning03,爆発,戦闘・アクション,"RPGゲーム向け,シューティングゲーム向け,爆発,小爆発","爆発,小爆発",assets/sounds/yui_bs_last_lightning03.mp3,爆発,TRUE
yui_bs_last_snake_birth,魔法発動,"魔法・ファンタジー,ホラー・演出","RPGゲーム向け,ホラー・演出向け,その他","魔法,発動,攻撃",assets/sounds/yui_bs_last_snake_birth.mp3,魔法,TRUE
yui_bs_last_snake_laser,レーザー,戦闘・アクション,"シューティングゲーム向け,強攻撃","レーザー,攻撃",assets/sounds/yui_bs_last_snake_laser.mp3,攻撃,TRUE
yui_bs_last_snake_scope,レーザー,戦闘・アクション,"シューティングゲーム向け,弱攻撃","レーザー,攻撃",assets/sounds/yui_bs_last_snake_scope.mp3,攻撃,TRUE
yui_bs_last_spear,ブォン,戦闘・アクション,RPGゲーム向け,"槍,攻撃",assets/sounds/yui_bs_last_spear.mp3,攻撃,TRUE
yui_bs_last_tornado,竜巻,"自然・環境,生活・日常,ホラー演出","RPGゲーム向け,ホラー・演出向け,生活・日常","竜巻,風",assets/sounds/yui_bs_last_tornado.mp3,自然音,TRUE
yui_bs_last_voltage,ビリビリ,戦闘・アクション,RPGゲーム向け,"電撃,ビリビリ,攻撃",assets/sounds/yui_bs_last_voltage.mp3,攻撃,TRUE
yui_bs_light_appearance,魔法発動,"魔法・ファンタジー,ホラー・演出","RPGゲーム向け,ホラー・演出向け,その他","魔法,発動,攻撃",assets/sounds/yui_bs_light_appearance.mp3,魔法,TRUE
yui_bs_light_chain_attack,魔法発動,"魔法・ファンタジー,ホラー・演出","RPGゲーム向け,ホラー・演出向け,その他","魔法,発動,攻撃",assets/sounds/yui_bs_light_chain_attack.mp3,魔法,TRUE
yui_bs_light_cylinder,魔法発動,"魔法・ファンタジー,ホラー・演出","RPGゲーム向け,ホラー・演出向け,その他","魔法,発動,攻撃",assets/sounds/yui_bs_light_cylinder.mp3,魔法,TRUE
yui_bs_light_dive,魔法発動,"魔法・ファンタジー,ホラー・演出","RPGゲーム向け,ホラー・演出向け,その他","魔法,発動,攻撃",assets/sounds/yui_bs_light_dive.mp3,魔法,TRUE
yui_bs_light_explosion,爆発,戦闘・アクション,"RPGゲーム向け,シューティングゲーム向け,爆発,小爆発","爆発,小爆発",assets/sounds/yui_bs_light_explosion.mp3,爆発,TRUE
yui_bs_light_eye_beam,レーザー,戦闘・アクション,"シューティングゲーム向け,弱攻撃","レーザー,攻撃",assets/sounds/yui_bs_light_eye_beam.mp3,攻撃,TRUE
yui_bs_light_impact_effect,シュッ,UI・操作,"エフェクト,解説動画向け","移動,変更",assets/sounds/yui_bs_light_impact_effect.mp3,変更操作,TRUE
yui_bs_light_impact_position,ペン,UI・操作,"エフェクト,解説動画向け","移動,変更",assets/sounds/yui_bs_light_impact_position.mp3,変更操作,TRUE
yui_bs_light_move,魔法発動,"魔法・ファンタジー,ホラー・演出","RPGゲーム向け,ホラー・演出向け,その他","魔法,発動,攻撃",assets/sounds/yui_bs_light_move.mp3,魔法,TRUE
yui_bs_soil_big_hammer,大爆発,戦闘・アクション,"RPGゲーム向け,シューティングゲーム向け,爆発,大爆発","爆発,大爆発,金属",assets/sounds/yui_bs_soil_big_hammer.mp3,爆発,TRUE
yui_bs_soil_chain,チェーン,"生活・日常,乗り物・機械","生活・日常向け,鎖","チェーン,鎖,鉄,金属",assets/sounds/yui_bs_soil_chain.mp3,チェーン,TRUE
yui_bs_soil_elem_spawn,魔法発動,"魔法・ファンタジー,ホラー・演出","RPGゲーム向け,ホラー・演出向け,その他","魔法,発動,攻撃",assets/sounds/yui_bs_soil_elem_spawn.mp3,魔法,TRUE
yui_bs_soil_hammer,爆発,戦闘・アクション,"RPGゲーム向け,シューティングゲーム向け,爆発,大爆発","爆発,大爆発,金属",assets/sounds/yui_bs_soil_hammer.mp3,爆発,TRUE
yui_bs_soil_ofuda,魔法発動,"魔法・ファンタジー,ホラー・演出","RPGゲーム向け,ホラー・演出向け,その他","魔法,発動,攻撃,回転",assets/sounds/yui_bs_soil_ofuda.mp3,魔法,TRUE
yui_bs_soil_protect,魔法発動,"魔法・ファンタジー,ホラー・演出","RPGゲーム向け,ホラー・演出向け,その他","魔法,発動,攻撃",assets/sounds/yui_bs_soil_protect.mp3,魔法,TRUE
yui_bs_soil_protect_break,魔法発動,"魔法・ファンタジー,ホラー・演出","RPGゲーム向け,ホラー・演出向け,その他","魔法,発動,攻撃,ガラス,割れる",assets/sounds/yui_bs_soil_protect_break.mp3,魔法,TRUE
yui_bs_soil_protect_start,ゲージアップ,"UI・操作,その他","戦闘・アクション,シューティングゲーム向け","操作,変更,エフェクト,ゲージアップ",assets/sounds/yui_bs_soil_protect_start.mp3,変更操作,TRUE
yui_bs_soil_rolling,チェーン振り回し,戦闘・アクション,RPGゲーム向け,"鎖,振り回し,回転",assets/sounds/yui_bs_soil_rolling.mp3,攻撃,TRUE
yui_bs_wind_big_twister,大竜巻,"自然・環境,生活・日常,ホラー演出","RPGゲーム向け,ホラー・演出向け,生活・日常向け","竜巻,風",assets/sounds/yui_bs_wind_big_twister.mp3,自然音,TRUE
yui_bs_wind_burst,爆発,戦闘・アクション,"RPGゲーム向け,シューティングゲーム向け,爆発,小爆発","爆発,小爆発,風",assets/sounds/yui_bs_wind_burst.mp3,爆発,TRUE
yui_bs_wind_cloth_atack,魔法発動,"魔法・ファンタジー,ホラー・演出","RPGゲーム向け,ホラー・演出向け,その他","魔法,発動,攻撃,布",assets/sounds/yui_bs_wind_cloth_atack.mp3,魔法,TRUE
yui_bs_wind_cloth_charge,魔法発動,"魔法・ファンタジー,ホラー・演出","RPGゲーム向け,ホラー・演出向け,その他","魔法,発動,攻撃,ループ",assets/sounds/yui_bs_wind_cloth_charge.mp3,魔法,TRUE
yui_bs_wind_cloth_roll,魔法発動,"魔法・ファンタジー,ホラー・演出","RPGゲーム向け,ホラー・演出向け,その他","魔法,発動,攻撃,ループ",assets/sounds/yui_bs_wind_cloth_roll.mp3,魔法,TRUE
yui_bs_wind_crossatack,魔法発動,"魔法・ファンタジー,ホラー・演出","RPGゲーム向け,ホラー・演出向け,その他","魔法,発動,攻撃",assets/sounds/yui_bs_wind_crossatack.mp3,魔法,TRUE
yui_bs_wind_paku_spawn,魔法発動,"魔法・ファンタジー,ホラー・演出","RPGゲーム向け,ホラー・演出向け,その他","魔法,発動,癒やし,ヒーリング",assets/sounds/yui_bs_wind_paku_spawn.mp3,魔法,TRUE
yui_bs_wind_protect,魔法発動,"魔法・ファンタジー,ホラー・演出","RPGゲーム向け,ホラー・演出向け,その他","魔法,発動,攻撃,ループ",assets/sounds/yui_bs_wind_protect.mp3,魔法,TRUE
yui_bs_wind_twister,魔法発動,"魔法・ファンタジー,ホラー・演出","RPGゲーム向け,ホラー・演出向け,その他","魔法,発動,攻撃,風,回転",assets/sounds/yui_bs_wind_twister.mp3,魔法,TRUE
yui_en_attack,ビシッ,戦闘・アクション,RPGゲーム向け,"パンチ,攻撃",assets/sounds/yui_en_attack.mp3,攻撃,TRUE
yui_en_crush_pt01,ダメージ,戦闘・アクション,RPGゲーム向け,"ダメージ,やられ",assets/sounds/yui_en_crush_pt01.mp3,ダメージ,TRUE
yui_en_crush_pt02,ダメージ,戦闘・アクション,RPGゲーム向け,"ダメージ,やられ",assets/sounds/yui_en_crush_pt02.mp3,ダメージ,TRUE
yui_en_crush_pt03,ダメージ,戦闘・アクション,RPGゲーム向け,"ダメージ,やられ",assets/sounds/yui_en_crush_pt03.mp3,ダメージ,TRUE
yui_en_crush_pt04,ダメージ,戦闘・アクション,RPGゲーム向け,"ダメージ,やられ",assets/sounds/yui_en_crush_pt04.mp3,ダメージ,TRUE
yui_en_damage,ダメージ,戦闘・アクション,RPGゲーム向け,"ダメージ,やられ",assets/sounds/yui_en_damage.mp3,ダメージ,TRUE
yui_en_elem_attack,魔法発動,"魔法・ファンタジー,ホラー・演出","RPGゲーム向け,ホラー・演出向け,その他","魔法,発動,攻撃",assets/sounds/yui_en_elem_attack.mp3,魔法,TRUE
yui_en_explosion,爆発,戦闘・アクション,"RPGゲーム向け,シューティングゲーム向け,爆発,小爆発","爆発,小爆発",assets/sounds/yui_en_explosion.mp3,爆発,TRUE
yui_en_flaping,バサッ,"自然・環境,生活・日常,ホラー演出","RPGゲーム向け,ホラー・演出向け,生活・日常","布,羽,鳥",assets/sounds/yui_en_flaping.mp3,羽音,TRUE
yui_en_rivival,魔法発動,"魔法・ファンタジー,ホラー・演出","RPGゲーム向け,ホラー・演出向け,その他","魔法,発動,攻撃",assets/sounds/yui_en_rivival.mp3,魔法,TRUE
yui_en_slasher_roll,魔法発動,"魔法・ファンタジー,ホラー・演出","RPGゲーム向け,ホラー・演出向け,その他","魔法,発動,攻撃,風,回転",assets/sounds/yui_en_slasher_roll.mp3,魔法,TRUE
yui_en_water_in,ザブン,自然・環境,"RPGゲーム向け,自然音","潜る,水",assets/sounds/yui_en_water_in.mp3,自然音,TRUE
yui_en_water_out,ザバーッ,自然・環境,"RPGゲーム向け,自然音","浮上,水",assets/sounds/yui_en_water_out.mp3,自然音,TRUE
yui_en_winddragon_roll,魔法発動,"魔法・ファンタジー,ホラー・演出","RPGゲーム向け,ホラー・演出向け,その他","魔法,発動,攻撃,風,回転",assets/sounds/yui_en_winddragon_roll.mp3,魔法,TRUE
yui_mn_altar,短いジングル,UI・操作,解説動画向け,ジングル,assets/sounds/yui_mn_altar.mp3,短いジングル,TRUE
yui_mn_altar_pt01,短いジングル,UI・操作,解説動画向け,ジングル,assets/sounds/yui_mn_altar_pt01.mp3,短いジングル,TRUE
yui_mn_altar_pt02,短いジングル,UI・操作,解説動画向け,ジングル,assets/sounds/yui_mn_altar_pt02.mp3,短いジングル,TRUE
yui_mn_altar_pt03,短いジングル,UI・操作,解説動画向け,ジングル,assets/sounds/yui_mn_altar_pt03.mp3,短いジングル,TRUE
yui_mn_altar_pt04,短いジングル,UI・操作,解説動画向け,ジングル,assets/sounds/yui_mn_altar_pt04.mp3,短いジングル,TRUE
yui_mn_altar_pt05,短いジングル,UI・操作,解説動画向け,ジングル,assets/sounds/yui_mn_altar_pt05.mp3,短いジングル,TRUE
yui_mn_correct,ピ,UI・操作,解説動画向け,"移動,変更",assets/sounds/yui_mn_correct.mp3,変更操作,TRUE
yui_mn_door_dial,ゴゴ,UI・操作,解説動画向け,"移動,変更,岩,石",assets/sounds/yui_mn_door_dial.mp3,変更操作,TRUE
yui_mn_door_open,短いジングル,UI・操作,解説動画向け,ジングル,assets/sounds/yui_mn_door_open.mp3,短いジングル,TRUE
yui_mn_door_open_sucess,ボガーン,戦闘・アクション,"RPGゲーム向け,シューティングゲーム向け,爆発,小爆発","爆発,小爆発",assets/sounds/yui_mn_door_open_sucess.mp3,爆発,TRUE
yui_mn_door_open_sucess_pt02,ブン,戦闘・アクション,"RPGゲーム向け,シューティングゲーム向け,爆発,小爆発,チップチューン","爆発,小爆発,チップチューン",assets/sounds/yui_mn_door_open_sucess_pt02.mp3,爆発,TRUE
yui_mn_door_open_sucess_pt03,ボン,戦闘・アクション,"RPGゲーム向け,シューティングゲーム向け,爆発,小爆発,チップチューン","爆発,小爆発,チップチューン",assets/sounds/yui_mn_door_open_sucess_pt03.mp3,爆発,TRUE
yui_mn_door_slot,コッ,UI・操作,解説動画向け,"移動,変更",assets/sounds/yui_mn_door_slot.mp3,変更操作,TRUE
yui_mn_door_useitem,短いジングル,UI・操作,解説動画向け,ジングル,assets/sounds/yui_mn_door_useitem.mp3,短いジングル,TRUE
yui_mn_door_window,シュッ,UI・操作,解説動画向け,"移動,変更",assets/sounds/yui_mn_door_window.mp3,変更操作,TRUE
yui_mn_incorrect,ベボッ,UI・操作,"解説動画向け,否定的","否定的,変更",assets/sounds/yui_mn_incorrect.mp3,変更操作,TRUE
yui_mn_inventory_cur,ピ,UI・操作,解説動画向け,"移動,変更",assets/sounds/yui_mn_inventory_cur.mp3,変更操作,TRUE
yui_mn_portal_execution,魔法発動,"魔法・ファンタジー,ホラー・演出","RPGゲーム向け,ホラー・演出向け,その他","魔法,発動,攻撃",assets/sounds/yui_mn_portal_execution.mp3,魔法,TRUE
yui_mn_present_get,短いジングル,UI・操作,解説動画向け,ジングル,assets/sounds/yui_mn_present_get.mp3,短いジングル,TRUE
yui_mn_stairs,タゥタッタッタッ,"自然・環境,生活・日常,ホラー演出","RPGゲーム向け,ホラー・演出向け,生活・日常",足音,assets/sounds/yui_mn_stairs.mp3,足音,TRUE
yui_pl_attack_far,シャキーン,戦闘・アクション,"RPGゲーム向け,乗り物・機械","金属,刀,ソード",assets/sounds/yui_pl_attack_far.mp3,ソード,TRUE
yui_pl_attack_near,ジャキン,戦闘・アクション,"RPGゲーム向け,乗り物・機械","金属,刀,ソード",assets/sounds/yui_pl_attack_near.mp3,ソード,TRUE
yui_pl_attack_nearfar,ズウィン,戦闘・アクション,"RPGゲーム向け,乗り物・機械","金属,刀,ソード",assets/sounds/yui_pl_attack_nearfar.mp3,ソード,TRUE
yui_pl_attack_scroll,ボガーン,戦闘・アクション,"RPGゲーム向け,シューティングゲーム向け,爆発,小爆発","爆発,小爆発",assets/sounds/yui_pl_attack_scroll.mp3,爆発,TRUE
yui_pl_avoid,シュッ,戦闘・アクション,"RPGゲーム向け,その他","避ける,回避",assets/sounds/yui_pl_avoid.mp3,回避,TRUE
yui_pl_avoid_pt01,ピラリ,戦闘・アクション,"RPGゲーム向け,その他,チップチューン","避ける,回避,チップチューン",assets/sounds/yui_pl_avoid_pt01.mp3,回避,TRUE
yui_pl_avoid_pt02,ビラり,戦闘・アクション,"RPGゲーム向け,その他,チップチューン","避ける,回避,チップチューン",assets/sounds/yui_pl_avoid_pt02.mp3,回避,TRUE
yui_pl_avoid_pt03,パラリラ,戦闘・アクション,"RPGゲーム向け,その他,チップチューン","避ける,回避,チップチューン",assets/sounds/yui_pl_avoid_pt03.mp3,回避,TRUE
yui_pl_avoid_pt05,フォウ,戦闘・アクション,"RPGゲーム向け,その他","避ける,回避",assets/sounds/yui_pl_avoid_pt05.mp3,回避,TRUE
yui_pl_avoid_pt06,フン,戦闘・アクション,"RPGゲーム向け,その他","避ける,回避",assets/sounds/yui_pl_avoid_pt06.mp3,回避,TRUE
yui_pl_avoid_pt07,フィチャ,戦闘・アクション,"RPGゲーム向け,その他","避ける,回避",assets/sounds/yui_pl_avoid_pt07.mp3,回避,TRUE
yui_pl_damage,バシッ,戦闘・アクション,"RPGゲーム向け,ダメージ","ダメージ,やられ",assets/sounds/yui_pl_damage.mp3,ダメージ,TRUE
yui_pl_found_hpcircle,短いジングル,UI・操作,解説動画向け,ジングル,assets/sounds/yui_pl_found_hpcircle.mp3,短いジングル,TRUE
yui_pl_found_magiccircle,短いジングル,UI・操作,解説動画向け,ジングル,assets/sounds/yui_pl_found_magiccircle.mp3,短いジングル,TRUE
yui_pl_gameover,ジングル,UI・操作,"シューティングゲーム向け,RPGゲーム向け,ホラー・演出向け,否定的","ゲームオーバー,ジングル",assets/sounds/yui_pl_gameover.mp3,ゲームオーバー,TRUE
yui_pl_hit_root,大爆発,戦闘・アクション,"RPGゲーム向け,シューティングゲーム向け,爆発,大爆発","爆発,大爆発",assets/sounds/yui_pl_hit_root.mp3,爆発,TRUE
yui_pl_item_get,ピラン（余韻）,UI・操作,"エフェクト,解説動画向け","移動,変更",assets/sounds/yui_pl_item_get.mp3,変更操作,TRUE
yui_pl_maxhp_scroll,ブリュリュ～,UI・操作,"エフェクト,解説動画向け","移動,変更,エネルギー回復",assets/sounds/yui_pl_maxhp_scroll.mp3,変更操作,TRUE
yui_pl_miss,ファッ,戦闘・アクション,"RPGゲーム向け,その他","避ける,回避",assets/sounds/yui_pl_miss.mp3,回避,TRUE
yui_pl_point_up_scroll,短いジングル,UI・操作,解説動画向け,ジングル,assets/sounds/yui_pl_point_up_scroll.mp3,短いジングル,TRUE
yui_pl_point_up_scroll_pt01,ブワ～ン,UI・操作,"エフェクト,解説動画向け","移動,変更,エネルギー回復",assets/sounds/yui_pl_point_up_scroll_pt01.mp3,変更操作,TRUE
yui_pl_point_up_scroll_pt03,ブワ～ン,UI・操作,"エフェクト,解説動画向け","移動,変更,エネルギー回復",assets/sounds/yui_pl_point_up_scroll_pt03.mp3,変更操作,TRUE
yui_pl_poison_pt01,ブクブク,UI・操作,"RPGゲーム向け,自然・環境,ダメージ","毒,沈む,溺れる",assets/sounds/yui_pl_poison_pt01.mp3,自然音,TRUE
yui_pl_poison_pt02,ブクブク,UI・操作,"RPGゲーム向け,自然・環境,ダメージ","毒,沈む,溺れる",assets/sounds/yui_pl_poison_pt02.mp3,自然音,TRUE
yui_pl_poison_pt03,ブクブク,UI・操作,"RPGゲーム向け,自然・環境,ダメージ","毒,沈む,溺れる",assets/sounds/yui_pl_poison_pt03.mp3,自然音,TRUE
yui_pl_portal_effect,サーッ,魔法・ファンタジー,"シューティングゲーム向け,RPGゲーム向け,溜め","魔法,発動,溜め",assets/sounds/yui_pl_portal_effect.mp3,魔法,TRUE
yui_pl_potion,ピロリン,UI・操作,"エフェクト,解説動画向け","移動,変更",assets/sounds/yui_pl_potion.mp3,変更操作,TRUE
yui_pl_punch,バシッ,戦闘・アクション,"RPGゲーム向け,ダメージ","パンチ,攻撃",assets/sounds/yui_pl_punch.mp3,攻撃,TRUE
yui_pl_sensing_pt01,ピリッ,UI・操作,解説動画向け,"移動,変更",assets/sounds/yui_pl_sensing_pt01.mp3,変更操作,TRUE
yui_pl_sensing_pt02,プワッ,UI・操作,解説動画向け,"移動,変更",assets/sounds/yui_pl_sensing_pt02.mp3,変更操作,TRUE
yui_pl_sensing_pt03,ドリュッ,UI・操作,解説動画向け,"移動,変更",assets/sounds/yui_pl_sensing_pt03.mp3,変更操作,TRUE
yui_pl_trap_blackout,短いジングル,UI・操作,"シューティングゲーム向け,RPGゲーム向け,ホラー・演出向け,否定的","ゲームオーバー,ジングル",assets/sounds/yui_pl_trap_blackout.mp3,短いジングル,TRUE
yui_pl_trap_confuse,短いジングル,UI・操作,"シューティングゲーム向け,RPGゲーム向け,ホラー・演出向け,否定的","混沌,狂う,ジングル",assets/sounds/yui_pl_trap_confuse.mp3,短いジングル,TRUE
yui_pl_trap_fire,ズバーッ,戦闘・アクション,"RPGゲーム向け,ダメージ,攻撃","炎,攻撃",assets/sounds/yui_pl_trap_fire.mp3,攻撃,TRUE
yui_pl_trap_sleep,短いジングル,UI・操作,"RPGゲーム向け,ダメージ,眠る","短いジングル,眠る",assets/sounds/yui_pl_trap_sleep.mp3,短いジングル,TRUE
yui_pl_trap_soil,ビチャチャ,自然・環境,"生活・日常向け,泥,足音","足音,土,泥",assets/sounds/yui_pl_trap_soil.mp3,足音,TRUE
yui_pl_trap_wind,ビュウ,自然・環境,"RPGゲーム向け,自然音",風,assets/sounds/yui_pl_trap_wind.mp3,"し魔法,発動,攻撃,風,回転",TRUE